# F=~/.mail_aliases egrep ^# $F > /tmp/s.$$ && egrep -v ^# $F | sort >> /tmp/s.$$ && mv /tmp/s.$$ $F
alias aagbsn.extc               "Aaron <aagbsn@extc.org>"
alias aagbsn.tpo                aagbsn@torproject.org
alias aaron                     aagbsn.tpo
alias aaron.johnson             "Aaron Johnson <aaron.m.johnson@nrl.navy.mil>"
alias aaron.martin              "Aaron Martin <a.k.martin@lse.ac.uk>"
alias aaron.martin.ec           Aaron.MARTIN@ec.europa.eu
alias abfab                     abfab@ietf.org
alias abtin			"Abtin Khoshnood <abtin.khoshnood@outlook.com>"
alias accounting                accounting@torproject.org
alias adam                      "Adam Lynn <lynna@rfa.org>"
alias adbc-sys			hostmaster@adb-centralen.se
alias adbc-users-all   		adbc-users-dns, adbc-users-mail, adbc-users-jabber, adbc-users-calendar
alias adbc-users-calendar       grtrd, kugg
alias adbc-users-dns		iha, jl, bjorn.fahller, tege, staffan.ulfberg, rodrigo, dfri-noc
alias adbc-users-jabber		iha, lai, rom, tobbe, lena, cadar.gmail, pelle, juni, larka, hesse, atoth, peter.norin, froo, grtrd, jajo, jbn, jn, christian, joachim.strombergson, tord
alias adbc-users-mail		erik.n, lise, fabbe, fia, fredrik, lena, marianne, micke, molgan, simon, sofia, larka, juni, jn, mobil@9999.se, jbn
alias ade			adrian.bolero
alias adminor	   		alexander.adminor
alias adrian.bolero		adrian.bellini@bolero.se
alias adrien.gcf		"Adrien Askmo <adrien.askmo@globalchildforum.org>"
alias aep                       "Alberto Escudero-Pascual <aep@it46.se>"
alias afrodite			"Afrodite Sevasti <sevasti@grnet.gr>"
alias agl                       agl@imperialviolet.org
alias agwa                      "Andrew Ayer <agwa@andrewayer.name>"
alias ahf                       ahf@0x90.dk
alias ahnberg                   mattias@ahnberg.pp.se
alias aikido                    info@vanadis-aikido.se
alias ake			ake.priv
alias ake.jobb                  "Åke Nygren <ake.nygren@stockholm.se>"
alias ake.priv			"Åke Nygren <ake.nygren@protonmail.com>"
alias ako			"Anna-Karin Karlsson <snesnok@yahoo.com>"
alias al			"Al Smith <smith@torproject.org>"
alias al.cutter                 "Al Cutter <al@google.com>"
alias alan			"Alan DeKok <aland@DEPLOYINGRADIUS.COM>"
alias alberto                   "Alberto Escudero <aep@it46.se>"
alias alberto.ndn               alberto.colmenero@gmail.com
alias albina			albina.ulvegren@scania.com
alias alen                      alen.musovic@stockholm.se
alias alex                      rydekull
alias alex.leheux               alex.leheux.priv
alias alex.band			"Alex Band <alexb@ripe.net>"
alias alex.dejoode              "Alex de Joode <adejoode@gmail.com>"
alias alex.junis-larare         alex.koll
alias alex.koll                 alexander.koll@stockholm.se
alias alexey			"Alexey Melnikov <alexey.melnikov@ISODE.COM>"
alias alex.leheux.priv          "Alex Le Heux <alexlh@funk.org>"
alias alex.leheux.ripe          alexlh@ripe.net
alias alexander                 alexander.adminor
alias alexander.adminor         "Alexander Norman <xh@xh.se>"
alias alexander.woll            "Alexander Woll <Alexander@woll.se>"
alias ali                       "Ali Rıza KELEŞ <ali.r.keles@gmail.com>"
alias alice			"Alice Bulukin <alice.bulukin@fryshuset.se>"
alias alin                      alin@nordu.net
alias alison                    "Alison Macrina <macrina@riseup.net>"
alias alison2			interminable@riseup.net
alias alistair                  "alistair alexander <Alistair@tacticaltech.org>"
alias allegra                   "Allegra Searle-LeBel <allegra@allegrabliss.com>"
alias allison			"Allison Parks <allisonkateparks@gmail.com>"
alias amel			amel.priv
alias amel.priv			"Anne-Marie Eklund Löwinder <amel@lowinder.se>"
alias amelia                    amelia.cc
alias amelia.eu                 "ANDERSDOTTER Amelia <amelia.andersdotter@europarl.europa.eu>"
alias amelia.cc                 "Amelia Andersdotter <amelia@andersdotter.cc>"
alias amel.iis			"Anne-Marie Eklund-Löwinder <anne-marie.eklund-lowinder@iis.se>"
alias anarcat			anarcat@torproject.org
alias anarcat.priv		anarcat@orangeseeds.org
alias anders			anders.4zm
alias anders.4zm		"Anders Sundman <anders@4zm.org>"
alias anders.haven		anders@haven-project.org
alias anders.nilsson            Anders Nilsson <anders.nilsson@umu.se>
alias anders.olausson		"Anders Olausson <anders@spacedump.se>"
alias anders.spacedump		anders.olausson
alias anders.thoresson          "Anders Thoresson <anders@thoresson.net>"
alias anders.w                  anders@wastfelt.se
alias anders.w.gmail            "Anders Wastfelt <anders.wastfelt@gmail.com>"
alias andersju                  "Anders Jensen-Urstad <anders@unix.se>"
alias andol                     andreas@arrakis.se
alias andrea                    andrea@torproject.org
alias andreas.lehner		al@ccc.de
alias andreas.solberg		Andreas.Solberg@uninett.no
alias andreas.widholm		"Andreas Widholm <widholm@jmk.su.se>"
alias andrew			"Andrew Lewman <andrew@torproject.org>"
alias andrew.is                 "Andrew Lewman <andrew@lewman.is>"
alias andy                      "Andy Isaacson <adi@hexapodia.org>"
alias anja                      "Anja Östergren <bakasuzume@gmail.com>"
alias anke			"Anke Stüber <anke.stuber@it.uu.se>"
alias ann.harding               "Ann Harding <ann.harding@switch.ch>"
alias anna                      anna_mansson@yahoo.se
alias anna.globala              "Anna Högfors-Lindståhl <anna.lindstahl@stockholm.se>"
alias anna-linda                "Anna Linda Hultström <annalindahultstrom@gmail.com>"
alias anne			anne@nordu.net
alias anne-lie                  annelie
alias annelie                   "Anne-Lie Lokko <anne-lie@addfriends.se>"
alias annika.frendberg          annika.frendberg@stockholm.se
alias annika.mattsson		"annika mattsson <annika99999@hotmail.com>"
alias annika.ohlin              annika.ohlin@sfr.fr
alias anselm                    "Anselm Helbig <anselm.helbig@gmx.de>"
alias arg			"Anders Rhod Gregersen <arg@ndgf.org>"
alias arma			roger
alias arne.konig		arne.konig@sjf.se
alias arne.vollersten           "Arne Vollertsen <arne@vollertsen.dk>"
alias aron			a_garberg@msn.com
alias art                       arturo.tor
alias arturo.baculo             art@baculo.org
alias arturo.priv		art@fuffa.org
alias arturo.tor                "Arturo Filastò <art@torproject.org>"
alias arve			"Arve Gengelbach <arve.gengelbach@it.uu.se>"
alias asa			asa.rinkeby-kista
alias asa.rinkeby-kista		asa.anna.svensson@stockholm.se
alias ashkan                    "Ashkan Soltani <me@ashkansoltani.org>"
alias aslak                     "Aslak Ransby <aslak.ransby@gmail.com>"
alias asn                       "George Kadianakis <desnacked@riseup.net>"
alias asn.gmail			"George Kadianakis <desnacked@gmail.com>"
alias atagar                    damian
alias atoth			andreas.lehner
alias attilla                   attilla.degroot@atrato-ip.com
alias authhub			authhub-devel@lists.fedorahosted.org
alias auto-dbm			auto-dbm@ripe.net
alias awu                       "Aaron Wu <awu@mozilla.com>"
alias axel                      axel.moberg@gmail.com
alias aydin			aydin.yildiz@atrato-ip.com
alias azet                      "Aaron Zauner <azet@azet.org>"
alias azm                       anders.4zm
alias babbel			BABBEL@segate.sunet.se
alias bad-relays                bad-relays@lists.torproject.org
alias bagder                    daniel@haxx.se
alias banck                     susanne.banck@nordu.net
alias bas			bas.zoetekouw@SURFNET.NL
alias bbb-tor                   joshua
alias bekeela			bekeela@torproject.org
alias bella			"Isabell Waldvik <isabell.waldvik@edu.stockholm.se>"
alias bengtfesten               bengtfesten@bengt50.nu
alias benjamin                  "Benjamin Greschbach <bgre@kth.se>"
alias benjamin.erhart           "Benjamin Erhart <benjamin@tladesignz.de>"
alias benl                      "Ben Laurie <benl@google.com>"
alias benn			benn.roos@stockholm.se
alias berndt                    bernd.paysan@gmx.de
alias bergroth			"Magnus Bergroth <bergroth@nordu.net>"
alias bertil                    "Bertil Fanger <aum@pantarei-floating.com>"
alias berra                     berra@nordu.net
alias bg			"Björn Grönvall <bjorngx@gmail.com>"
alias biella                    "Gabriella \"Biella\" Coleman <biella@riseup.net>"
alias biella.mcgill             gabriella.coleman@mcgill.ca
alias bintrans                  binary-transparency@googlegroups.com
alias birgitta                  birgitta.andersson
alias birgitta.andersson        birgitta.andersson@stockholm.se
alias birgitta.j		birgitta@this.is
alias birgitta.j.gmail		"Birgitta Jonsdottir <birgittajoy@gmail.com>"
alias bj			bj@sunet.se
alias bjarni			bre@pagekite.net
alias bjorn                     bjorn.hansell
alias björn appelgren		"Björn Appelgren <Bjorn.Appelgren@internetstiftelsen.se>"
alias bjorn.hansell             "Björn Hansell <bjornhansell@gmail.com>"
alias bjorn.sylf                bjorn.hansell@sylf.se
alias bjorn.fahller		bjorn@fahller.se
alias blaze                     "Matt Blaze <blaze@cis.upenn.edu>"
alias bleidl                    bruce@subgraph.com
alias bmksodermalm              "Tränare och styrelsemedlemmar BMK Södermalm <bmksodermalm@gmail.com>"
alias bo                        "Bo Danner Henriksen" <bo@nordu.net>"
alias bof                       tor-bof
alias bogatov                   dmitry.bogatov
alias bogdan                    "Bogdan Manolea /ApTI <bogdan.manolea@apti.ro>"
alias boklm			boklm@torproject.org
alias boklm.mars                boklm@mars-attacks.org
alias bol                       fredrik@mikker.se
alias bolero			helpdesk@bolero.se
alias bolero.info		info@bolero.se
alias boney			"Boney Walia <boney@portlane.com>"
alias bosse                     "Bo Lindquist <lindquistbosse@gmail.com>"
alias brommabil                 info@brommabil-motor.se
alias bs			"Benedikt Stockebrand <bs@stepladder-it.com>"
alias bsd-george                george.bsd
alisa bullar.durendahl          durendahl@telia.com
alias bunnie                    b.ronin@kosagi.com
alias cadar			cadar.gmail
alias cadar.gmail   		mats.westin@gmail.com
alias calle.e2			catho3@hotmail.com
alias calle			"Carl Fridh Kleberg <FridhKleberg@gmail.com>"
alias carina			carina.eklof@tuben12.se
alias carl.gunnarsson   	"Carl Gunnarsson <carl@linuxserver.se>"
alias carlo                     "Carlo Strub <cs@FreeBSD.org>"
alias carmela			carmela.epfl
alias carmela.epfl		carmela.troncoso@epfl.ch
alias carmela.imdea             carmela.troncoso@imdea.org
alias carolina.jemsby           "Carolina Jemsby <carolinajemsby@gmail.com>"
alias carolina.lachmann         "Carolina Lachmann <carolina@begravningsbyranhumana.se>"
alias carolina.things           "Carolina Drott <carolina@thingstockholm.com>"
alias carolyn			carolyn@anhalt.org
alias caspar                    "Caspar Bowden <caspar@PrivacyStrategy.eu>"
alias cass                      cass@cassbrewer.com
alias catalyst			catalyst@torproject.org
alias catlfish                  catlfish@listsrv.nordu.net
alias catlfish-bug              catlfish@nordu.net
alias catlfish-noc              catlfish+noc@nordu.net
alias catlfish.sunet            catlfish@segate.sunet.se
alias cda                       collina@gmail.com
alias chammi                    "Chammiran Daniel <chammiran.daniel@su.se>"
alias charlotte.sll		charlotte.sparre@sll.se
alias charlotte.sparre.gmail	"Charlotte Sparre <sparrecharlotte@gmail.com>"
alias charly			cpark@torproject.org
alias chiiph                    chiiph@torproject.org
alias chloe                     chloe@chloe.re
alias chris.arnold		chris@arnold.se
alias chris                     csoghoian@gmail.com
alias christensen               christian.christensen
alias christer.marking  	christer.marking@telia.com
alias christian.christensen	christian.christensen@ims.su.se
alias christian                 christian.priv
alias christian.priv            "Christian Wirth <christian@wirth.se>"
alias christian.tb              "Christian Wirth <christian@teknikbyran.se>"
alias christoffer		christoffer.rahm.priv
alias christoffer.hell          "Christoffer Hell <christoffer.hell@stockholm.se>"
alias christoffer.rahm.ki	"Christoffer Rahm <Christoffer.Rahm@ki.se>"
alias christoffer.rahm.priv	"Christoffer Rahm <christofferrahm@hotmail.com>"
alias christopher.pl            "Christopher Segerberg <christopher@portlane.com>"
alias chulu                     "Henrik Chulu <chulu@frikultur.dk>"
alias cii                       cii-core@lists.coreinfrastructure.org
alias cindy                     "Cindy Cohn <Cindy@eff.org>"
alias cissi			"Cissi Thorell <cissi.thorell@gmail.com>"
alias cissi.astrogator		cissi@astrogator.se
alias claudia			"Claudia Richoux <laudecay@gmail.com>"
alias claudio                   "Nex <nex@nex.sx>"
alias claudio.shadow            claudio@shadowserver.org
alias colin                     phoul
alias cothority                 cothority@googlegroups.com
alias cryptoparty               cryptoparty@lists.dfri.se
alias ct                        certificate-transparency@googlegroups.com
alias cthulu                    thomas.white
alias curl-lib                  curl-library@cool.haxx.se
alias cymru                     support@cymru.com
alias damian                    "Damian Johnson <atagar@torproject.org>"
alias dan.frost                 "Dan Frost <frost@f-m.fm>"
alias danezis                   george.danezis
alias daniel.berlin             "Daniel Reusche <dan@degregat.net>"
alias daniel.melin.fulgubbe	"Daniel Melin <fulgubbe@gmail.com>"
alias daniel.melin              "Daniel Melin <daniel@viskar.nu>"
alias daniel.mollberg           "Daniel Mollberg <daniel.mollberg@ip-only.se>"
alias daniel.netnod             daniel@netnod.se
alias daniel.melin.old          daniel@benissimo.se
alias daniel.iponly             daniel.mollberg
alias danne                     danijel@obenetwork.com
alias dan.rfa                   "Dan Meredith <meredithd@rfa.org>"
alias dan.riseup                "Dan Blah <blah@riseup.net>"
alias data			data@lists.adb-centralen.se
alias dave.neal                 "David Neal <davidneal@gmail.com>"
alias david.bibl                david.jonsson
alias david.fifield             david@bamsoftware.com
alias david.jonsson             David.jonsson.vg@gmail.com
alias david.mirza               "David Mirza <dma@subgraph.com>"
alias david.s                   david.schmitz
alias david.schmitz             "David Schmitz <David.Schmitz@lrz.de>"
alias david.simonsen		"David Simonsen <david@wayf.dk>"
alias dbe			dan.bellander@naoi.se
alias dcf                       david.fifield
alias dekkers                   paul.dekkers
alias denis			"Denis Halilovic <halilovic_denis@hotmail.com>"
alias denise                    dennis.ohlson
alias dennis.ndn                "Dennis Wallberg <dennis@nordu.net>"
alias dennis.ohlson		ohlsonharsemester@hotmail.com
alias dev-n                     dev@nordu.net
alias dev-s                     dev@lists.sunet.se
alias dexe                      "Jacob Dexe <dexe@sics.se>"
alias dfri-adm                  dfri-admin@dfri.se
alias dfri-d                    dfri-dfri
alias dfri-dfri                 dfri@dfri.se
alias dfri-int                  dfri-intern@lists.dfri.se
alias dfri-noc                  noc.dfri
alias dfri-tech			dfri-noc, pawal
alias dgoulet                   "David Goulet <dgoulet@ev0ke.net>"
alias di                        datainspektionen@datainspektionen.se
alias dijana                    dijanav@item.ntnu.no
alias dina                      "Dina Östergren <dina.ostergren@gmail.com>"
alias dld-wg                    dld-wg@dfri.se
alias dkg                       dkg@fifthhorseman.net
alias dkim-test                 auth-results@verifier.port25.com
alias dmarby                    dmarby.mullvad
alias dmarby.priv               david@dmarby.se
alias dmarby.mullvad            "David Marby <david@mullvad.net>"
alias dmitri.belyavsky          "Dmitry Belyavsky <beldmit@gmail.com>"
alias dmitry.bogatov            "Dmitry Bogatov <KAction@debian.org>"
alias dnsop			dnsop@ietf.org
alias dnssec-trans              dnssec-transparency@lists.sunet.se
alias dol                       "Василий Долматов <dol@reedcat.net>"
alias dr			dr@4711.se
alias drwhax                    "Jurre van Bergen <drwhax@riseup.net>"
alias drwhax.2600nl             drwhax@2600nl.net
alias duy                       duy@rhizoma.tk
alias duy.tor                   juga@riseup.net
alias echo                      raphael.vinot@circl.lu
alias ed.maste                  "Ed Maste <emaste@freebsd.org>"
alias edh	 		edh@nordu.net
alias edri-members              edri-members@mailman.edri.org
alias eduix                     nordunet.support@eduix.fi
alias eduroam			eduroam@geant.net
alias ehj                       ehj.gmail
alias ehj.gmail                 "Erik Josefsson <erik.hjalmar.josefsson@gmail.com>"
alias ehj.eu                    "JOSEFSSON Erik <erik.josefsson@europarl.europa.eu>"
alias einar                     "Einar Nygård <einar.nygard@gmail.com>"
alias einar.scouterna           einar
alias ekonomi                   ekonomi@dfri.se
alias el                        el@sunet.se
alisa elenor			"Elenor Weijmar <elenor@fripost.org>"
alias elijah                    elijah@riseup.net
alias elijah.leap               "Elijah Sparrow <elijah@leap.se>"
alias elisabet                  "Elisabet Rundqvist <elisabet.rundqvist@protonmail.com>"
alias elisabet.kb               "Elisabet Rundqvist <Elisabet.Rundqvist@kb.se>"
alias elisabeth			"Elisabeth Nilsson <elisabeth.nilsson@iis.se>"
alias elof                      elof@sentor.se
alias emma.emma                 emmakarinsofia@gmail.com
alias emma.peel                 emma.peel@riseup.net
alias emma.vr                   "Emma Almroth <Emma.Almroth@vr.se>"
alias emma.vr.priv              "Emma Almroth <almrothemma@gmail.com>"
alias emil			emil.ingenstans
alias emil.ingenstans		"Emil Rojas aydin <grimgores@gmail.com>"
alias emil.w                     "Wolfbrandt, Emil <emil.wolfbrandt@dxc.com>"
alias emilia                    "Emilia Kasper <ekasper@google.com>"
alias emil.isberg               emil@pyttemjuk.se
alias emir                      emir@lacan.se
alias ep.broken			erikp@djingis.se
alias ep			ep@egrc.se
alias epfsug                    epfsug@epfsug.eu
alias eran                      "Eran Messeri <eranm@chromium.org>"
alias eric                      "Sears, Eric <Esears@macfound.org>"
alias erik.dahlgren             e.d@telia.com
alias erik.lakomaa              Erik.Lakomaa@hhs.se
alias erik.liden                "Erik Nützmann <erik.nutzmann@lidendata.com>"
alias erik.n	 		erik@nordberg.se
alias erik.nihlen		erik.nihlen.priv
alias erik.nihlen.priv		erik.nihlen@gmail.com
alias erik.svensson             "Erik Svensson <erik.svensson@stockholm.se>"
alias erik.z                    "Erik Zouave <erik.zouave@outlook.com>"
alias erika                     "Erika EAX Lygdman <erika@eaxbreakparty.se>"
alias erin.tor                  "Erin Wyatt <ewyatt@torproject.org>"
alias erinn			helix
alias ethan                     "Ethan Tseng <ethantseng@ntu.edu.tw>"
alias etu                       "Elis Axelsson <elis.axelsson@gmail.com>"
alias eva.eff                   eva@eff.org
alias eva.fria                  "Eva Olsson <eva.olsson@friatidningar.se>"
alias eva.frobbit		eva@frobbit.se
alias eva.lundin                "Eva Lundin <eva.e.lundin@telia.com>"
alias evalis                    "EvaLis Fredriksson <EvaLis.Fredriksson@vr.se>"
alias evelyn                    "Evelyn Austin <evelyn.austin@bof.nl>"
alias ewa                       ewa_bjorkeson@hotmail.com
alias ewyatt                    erin.tor
alias execdir                   execdir@torproject.org
alias fabbe             	fabbe@hbernstone.se
alias fabian                    "Fabian Mauchle <fabian.mauchle@switch.ch>"
alias fabio                     "Fabio Farina <fabio.farina@garr.it>"
alias faidon                    "Faidon Liambotis <paravoid@debian.org>"
alias fanny.nilsson		"Fanny Nilsson <fanny.e.nilsson@gmail.com>"
alias feidas                    "Feidias Moulianitakis <feidias@kth.se>"
alias fia               	fia@hbernstone.se
alias fia.jobb                  sofia.bernstone@arkdes.se
alias fifab			fifab@hbernstone.se
alias figge			figge.priv
alias figge.priv		"Carl Fredrik Wettermark <figgewettermark@gmail.com>"
alias figge.work		carl-fredrik.wettermark@enterprise.ministry.se
alias filippa.gcf		"Filippa Bergin <filippa.bergin@globalchildforum.org>"
alias fl                	fredrik.laurin
alias fnojan			henrikvoneuler@gmail.com
alias foss-sthlm                foss-sthlm@cool.haxx.se
alias francis			fnjfrancis@gmail.com
alias frank	 		Frank.Blankman@hibernianetworks.com
alias frans			frans.carlqvist@gmail.com
alias francisco                 franciscore@sapo.pt
alias fredde                    fredrik.nordberg
alias fredric			fredric.wallsten@safespring.se
alias fredrik                   fredrik.nordberg
alias fredrik.amnesty		fredrik.gustafsson
alias fredrik.eriksson          omni
alias fredrik.eriksson.netnod   "Fredrik Eriksson <erif@netnod.se>"
alias fredrik.gustafsson	"Fredrik Gustafsson <fredrik.gustafsson@amnesty.se>"
alias fredrik.jonsson           "Fredrik Jönsson <fjo@kth.se>"
alias fredrik.ki		"Fredrik Wallström <fredrik.wallstrom@ki.se>"
alias fredrik.laurin    	"Fredrik Laurin <fl@trojkan.se>"
alias fredrik.lejonklou         "Fredrik Lejonklou <info@lejonklou.com>"
alias fredrik.mullvad           "Fredrik Strömberg <stromberg@mullvad.net>"
alias fredrik.nordberg         	fredrik@nordberg.se
alias fredrik.pysslingen        fredrik.sjoblom@pysslingen.se
alias fredrik.reutersward       fredrik.reutersward.priv
alias fredrik.reutersward.kkh	"Fredrik Reuterswärd <fredrik.reutersward@kkh.se>"
alias fredrik.reutersward.priv  "Fredrik Reuterswärd <fr@frd.net>"
alias fredrik.stromberg         "Fredrik Strömberg <stromberg@insto.org>"
alias fredrik.ulug              fredrikb@protonmail.ch
alias fredrik.x			fredrik@localhosted.net
alias freeradius                freeradius-users@lists.freeradius.org
alias fresia                    fresia.sunet
alias fresia.sunet              "Fresia Pérez <fresia@sunet.se>"
alias fresia.kth                "Fresia Pérez <fresia@kth.se>"
alias fresia.leadit		"Fresia Pérez <fresia@leadit.se>"
alias frida			frida.hammarstrom@aventyret.com
alias fripost                   admin@fripost.org
alias froo			"Fredrik Söderblom <fredrik@xpd.se>"
alias frykholm			mikael.frykholm
alias ft			ft.priv
alias ft.priv                   "Fredrik Thulin <fredrik@thulin.net>"
alias fundraising               fundraising@torproject.org
alias fuzzel			jeroen
alias gaba			gaba@torproject.org
alias gasser                    linus.gasser@epfl.ch
alias geko                      koppen.tor
alias george.bsd                "George <george@queair.net>"
alias george.bsd.2              "George Rosamond <george@ceetonetechnology.com>"
alias george.danezis            g.danezis@ucl.ac.uk
alias george.liu		"George Vlaescu <george.vlaescu@liu.se>"
alias gerd			behrmann@ndgf.org
alias gertrud.arb		gertrud.kleberg@stockholm.se
alias gertrud           	gertrudkleberg@hotmail.com
alias getdns                    users@getdnsapi.net
alias ghudson			"Greg Hudson <ghudson@mit.edu>"
alias gitta                     gitta.wilen@gmail.com
alias gk                        geko
alias gn			goran.loligo
alias goran.kero                "Göran Kero <goran.kero@umu.se>"
alias goran.loligo		"Göran Nordahl <gn@loligo.se>"
alias gouki			tiago
alias govipdb                   govipdb@lists.dfri.se
alias gr                        tor.project@giantrabbit.com
alias greg                      gregory@norcie.com
alias grtrd                     gertrud
alias grtrd.hotmail             grtrds72@hotmail.com
alias guilhem                   "Guilhem Moulin <guilhem@fripost.org>"
alias gunner                    "Allen Gunn <gunner@aspirationtech.org>"
alias gunilla                   "Gunilla Lundin <lundingunilla@hotmail.com>"
alias gus			gus@torproject.org
alias gustav.eek                "Gustav Eek <gustav@fripost.org>"
alias gustav.fripost            gustav.eek
alias gustav.obe                "Gustav Hoffmeister <gustav@obenetwork.com>"
alias gv99c			gv99c@adb-centralen.se
alias hanna.blipp		"Hanna Larsson <hanna@blipp.com>"
alias hanna			hanna.larsson
alias hanna.larsson		"Hanna Larsson <dfri@hanna-larsson.se>"
alias hannes                    hannes.m
alias hannes.m                  "Hannes Mehnert <hannes@mehnert.org>"
alias hannes.m.robur            "Hannes Mehnert <hannes@robur.io>"
alias hannes.t                  "Hannes Tschofenig <hannes.tschofenig@gmx.net>"
alias hanno                     "Johannes Böck <hanno@hboeck.de>"
alias hans.berggren             "Hans Berggren <hansb@kth.se>"
alias hans.bruce                "Hans Bruce <hans.bruce@stockholm.se>"
alias hans.edy                  hem@du.se
alias hans.guardian             "Hans-Christoph Steiner <hans@guardianproject.info>"
alias hans.nordberg             "Hans Nordberg <hans.nordberg@gmail.com>"
alias hans.wallberg		wallberg
alias hargbo                    mikael.hargbo@gmail.com
alias harry.beat             	harry@beatbutchers.se
alias harry.halpin              hhalpin@w3.org
alias harry.halpin.riseup       internationale@riseup.net
alias harry.lang		"Henrik Persson <ikorre@comhem.se>"
alias hb			suha13@handelsbanken.se
alias he			"Havard Eidnes <he@nordu.net>"
alias he.netbsd                 "Havard Eidnes <he@NetBSD.org>"
alias heidi			"Heidi Nynäs Nyman <Heidi.nynas.nyman@edu.stockholm.se>"
alias heini                     heini.jarvinen@edri.org
alias helena.andersson		huaform@paradise.net.nz
alias helena.dilen		helena@independent08.com
alias helena.gustav_vasa	helena.wiklund
alias helena.wiklund		helena.a.wiklund@utbildning.stockholm.se
alias helen.gmail		helenhelencarlson@gmail.com
alias helen			info@hcarlson.se
alias helix                     helix.double-helix
alias helix.double-helix	erinn@double-helix.org
alias helix.shponka             erinn@shponka.org
alias helix.tor                 erinn@torproject.org
alias helle                     helle@nordu.net
alias help.tor                  help@rt.torproject.org
alias henke                     "Henrik Frihammar <henrik.frihammar@gmail.com>"
alias henning                   "Henning Olesen <olesen@cmi.aau.dk>"
alias henrik			"Henrik Levkowetz <henrik@levkowetz.com>"
alias henrik.warnke		henrik.warnke@bredband.net
alias hesse	 		fredrik@hes.se
alias he.yan			"He Yan <yanhe@CS.ColoState.EDU>"
alias hhalpin                   harry.halpin
alias hiro                      hiro@torproject.org
alias hisham                    "Hisham Almiraat <hisham@riseup.net>"
alias hiviah                    ondrej.mikle@nic.cz
alias hmpf                      hargbo
alias holger                    "Holger Levsen <holger@layer-acht.org>"
alias hopper                    "Nicholas Hopper <hopper@cs.umn.edu>"
alias hr.nilsson		anders.nilsson
alias ht			"Hans Thorsen <hans.thorsen@t2data.com>"
alias hugge                     "Fredrik Korsbäck <hugge@NORDU.NET>"
alias hugh                      hugh@mimosa.com
alias hugo                      hugo.wester@skolverket.se
alias iaas                      iaas@cloud.ipnett.se
alias iang                      iang@cs.uwaterloo.ca
alias iha	 		iha@regexp.se
alias infinity0                 "Ximin Luo <infinity0@gmx.com>"
alias infobelarus		"Isabel Sommerfeld <infobelarus.sweden@gmail.com>"
alias ingela                    "Ingela Lundin <ingela.lundinx@gmail.com>"
alias ingenstans		Matkafe.ingenstans@gmail.com
alias ingimar                   "Ingimar Orn Jonsson <ingimar@hi.is>"
alias ingrid                    "Ingrid Melve <ingrid.melve@uninett.no>"
alias intrigeri                 intrigeri@boum.org
alias ioerror			jake
alias ip	 		ip@nordu.net
alias irl                       "Iain R. Learmonth <irl@torproject.org>"
alias irush			yair
alias isa                       isabela@torproject.org
alias isis                      isis@riseup.net
alias ivan                      ivan.ristic
alias ivan.ristic               "Ivan Ristić <ivanr@webkreator.com>"
alias ivana                     "Ivana Golub <ivana.pezelj.golub@gmail.com>"
alias ivana.poznan              igolub@man.poznan.pl
alias izabella                  "Izabella Groth <Izabella.Groth@vr.se>"
alias j0			lundberg
alias jacob			"Jacob-Steen Madsen <jsm@wayf.dk>"
alias jacq			jacqueline
alias jacqueline		"Jacqueline Brown <jbrown@nordu.net>"
alias jaime.infrared		"Jaime Villarreal <jaimev@mayfirst.org>"
alias jaime.uninett             "Jaime Perez Crespo <jaime.perez@uninett.no>"
alias jajo			jan@johannesson.com
alias jake			"Jacob Appelbaum <jacob@appelbaum.net>"
alias jakob			"Jakob Schlyter <jakob@kirei.se>"
alias jaltman                   jaltman@secure-endpoints.com
alias james                     "James Losey <losey@newamerica.net>xo"
alias jan.mullvad               jan@mullvad.net
alias jan.nitrokey              jan@nitrokey.com
alias jan.klever                "Jan Klever <klever@dfn-cert.de>"
alias jan.vcelak                "Jan Včelák <jan.vcelak@nic.cz>"
alias jang.debattsidan		jan.garefelt@debattsidan.se
alias jang                      jan@garefelt.se
alias jan.rapp                  jan_rapp@hotmail.com
alias janne.pagen               janne.pagen@live.se
alias janne.rasch               jan@vivere.se
alias janne.whisper             janne.pagen
alias jari                      "Jari Arkko <jari.arkko@piuha.net>"
alias jas			simon@josefsson.org
alias jasmine                   Jasmine.isdrake@gmail.com
alias jason			"Jason A. Donenfeld <Jason@zx2c4.com>"
alias jbn			jbn@klutt.se
alias jbn.google                "Johan Berggren <jbn@google.com>"
alias jbn.ndn			johan.berggren
alias jc                        "J. C. Jones <jcjones@letsencrypt.org>"
alias jean-luc                  Jean-Luc.DOREL@ec.europa.eu
alias jelena                    "Jelena Georgijevic <jelena@lugons.org>"
alias jen                       jen@freedom.press
alias jenny                     jenny.olsson
alias jenny.b			jeberggren@gmail.com
alias jenny.engstrom            Jenny.Engstrom@stfturist.se
alias jenny.runstig             jenny.runstig@trampoolin.com
alias jenny.olsson              rymdsnigel@gmail.com
alias jenny.svt			"Jenny Küttim <jenny.kuttim@svt.se>"
alias jenny.ture                jenny.engstrom
alias jenny.viper.arb           jenny.viper@stockholm.se
alias jenny.viper               jenny.viper.arb
alias jenny.viper.priv		jennyviper@hotmail.com
alias jens.d			Jens Drenhaus <jens.drenhaus@9elements.com>
alias jens.o                    "Jens Östergren <jens.e.ostergren@gmail.com>"
alias jeroen			"Jeroen Massar <jeroen@unfix.org>"
alias jerry                     jerry@nordu.net
alias jfa			"Joakim Fallsjö <fallsjo@sanchin.se>"
alias jfp			julien
alias jgay                      joshuagay@riseup.net
alias jillian                   "Jillian York <jillian@eff.org>"
alias jim                       jim.keyzer@polisen.se
alias jiojens                   johan.oijens
alias jj                        "Janne Johansson <jj@deadzoft.org>"
alias jj.stacken                "Janne Johansson <jj@stacken.kth.se>"
alias jl                	jl.priv
alias jl.neti           	jonlar@netinsight.net
alias jl.priv           	jonas@larsson.eu.com
alias jn.9999			"Johan Nilsson <jn@9999.se>"
alias jn.digiarm		jn@digiarm.com
alias jn.fejk			jn@fejk.se
alias jn			jn.9999
alias jn.sentor			johan.nilsson@sentor.se
alias jn.tor			tor@fejk.se
alias joachim			joachim.strombergson
alias joachim.strombergson	joachim.strombergson@assured.se
alias job                       "Job Snijders <job@ntt.net>"
alias jocke                     "Joakim Palmkvist (HDSydsvenskan) <joakim.palmkvist@sydsvenskan.se>"
alias joe.edri                  "Joe McNamee <joe.mcnamee@edri.org>"
alias joe                       joe@celo.io
alias joel                      "Joel Purra <mig@joelpurra.se>"
alias joel.sr                   "Joel Westerholm <joel.westerholm@sverigesradio.se>"
alias johan.berggren		"Johan Berggren <jbn@nordu.net>"
alias johan.bolero		johan.sandberg@bolero.se
alias johan.christiansson       johan.christiansson@stockholm.se
alias johan.l			johan.lagerkvist.score
alias johan.lagerkvist.score    Johan.lagerkvist@score.su.se
alias johan.lagerkvist.ui	johan.lagerkvist@ui.se
alias johan.lundberg		lundberg
alias johan.oijens              "Johan Oijens <johan.oijens@tv4.se>"
alias johan.sigholm.fhs		johan.sigholm@fhs.se
alias johan.sigholm		johan.sigholm.sunet
alias johan.sigholm.sunet	js@sunet.se
alias john                      john.priv
alias john.priv                 "John <ascii@binary.to>"
alias john.sunet                "John Van de Meulebrouck Brendgard <john@sunet.se>"
alias john.mossblad            	"John Mossblad <john.mossblad@fatburen.org>"
alias john.crd                  "John Stauffer <John.Stauffer@civilrightsdefenders.org>"
alias jojo              	jojo.naslund99@gmail.com
alias jon.tor.prev              "Jon Selon <jon@torproject.org>"
alias jon.ulug			"Jon Johnson <hej@jonarvid.se>"
alias jon.selon			jselon@riseup.net
alias jonas.gudmundsson 	mobrules73@gmail.com
alias jonatan.edlund            "Jonatan Edlund <jonatan.edlund@svenskakyrkan.se>"
alias jonas.foyen               "Jonas Nilsson <jonas.nilsson@foyen.se>"
alias jonas.ndn                 jonas@nordu.net
alias jonathan.ntnu             "Jonathan Hansen <jonathah@stud.ntnu.no>"
alias jonathan.rsf              "Jonathan Lundqvist <jonathan.lundqvist@reportrarutangranser.se>"
alias jonny                     "Jonny Lundin <jlundin@nordu.net>"
alias jon.sida                  Jon.Hedenstrom@sida.se
alias jorgen.arb		jorgen@quidquid.se
alias jorgen			"Jörgen Lundberg <jorgen.lundberg@gmail.com>"
alias jorgen.priv		jorgen@familjenlundberg.com
alias joe.cdt                   joe@cdt.org
alias josef                     josef.ndn
alias josef.ndn                 "Josef Gustafsson <josef@nordu.net>"
alias josef.gmail               "Josef Gustafsson <josef.gson@gmail.com>"
alias josh.aas                  "Josh Aas <josh@letsencrypt.org>"
alias josh.howlett		"Josh Howlett <Josh.Howlett@JA.NET>"
alias jbdatko                   joshua.crypt
alias joshua.gmail              "Joshua Datko <jbdatko@gmail.com>"
alias joshua.crypt              "Joshua Brian Datko <jbd@cryptotronix.com>"
alias josva			"Josva Kleist <kleist@nordu.net>"
alias jq			qvist@nordu.net
alias jra2all                   gn4-2-jra2-all@lists.geant.org
alias jra2t6                    gn4-2-jra2-t6@lists.geant.org
alias jra3t2                    gn3plus-jra3-t2@geant.net
alias juga                      duy.tor
alias juha                      "Juha Nurmi <juha.nurmi@ahmia.fi>"
alias juhani			juhani@eduix.fi
alias julie			juliesm@live.no
alias julien                    jfp108@fripost.org
alias julius                    "Julius Mittenzwei <julius@mittenzwei.com>"
alias jun                       "Jun Matsushita <jun@iilab.org>"
alias juni			juni@nordberg.se
alias juni.aikido               anna-linda
alias juni.gitarr               lars.z
alias juni.skolan               erik.svensson
alias jurgen                    "Jürgen Brauckmann <brauckmann@dfn-cert.de>"
alias juris                     juris@torservers.net
alias jwalck                    "Jonatan Walck <jonatan@walck.se>"
alias kajsa                     "Kajsa Pehrsson <kajsa42@gmail.com>"
alias kaner			"Christian Fromme <kaner@strace.org>"
alias karen.akareilly		"Karen Reilly <karen@akareilly.com>"
alias karen.isoc                "Karen O'Donoghue <odonoghue@isoc.org>"
alias karen.odon		kodonog@gmail.com
alias karin.umea		tangledinn@gmail.com
alias karin.hesse		karin@kratos.se
alias karin.juliagruppen	karin@juliagruppen.se
alias karin.skolan		"Karin Nilsson <karin.nilsson@edu.stockholm.se>"
alias karin.totterman           karin.totterman@gmail.com
alias karin.ur                  karin.totterman
alias karina			karina@nordu.net
alias karsten.jondos            karsten.ness
alias karsten                   karsten.loesing
alias karsten.loesing           "Karsten Loesing <karsten@torproject.org>"
alias karsten.ness              kn@jondos.de
alias karsten.priv		karsten.loesing@gmx.net
alias kat                       kat@paip.net
alias kate                      katie
alias katie                     ailanthus@riseup.net
alias katie.gmail               "Kate Krauss <katiephr@gmail.com>"
alias kattpappan                kenta.macken
alias kazarnowicz               k@zarnowi.cz
alias kel.tpo                   "Kelley Misata <kelley@torproject.org>"
alias kelley                    "Kelley M <kelleym19@gmail.com>"
alias kelly                     "Kelly Caine <caine@clemson.edu>"
alias kent                      stephen.kent
alias kent.engstrom		kent.engstrom@LIU.SE
alias keithw                    "Keith Winstein <keithw@mit.edu>"
alias kenta.macken              "Kent Sjöberg <kent@laboefashion.se>"
alias kero                      goran.kero
alias kirsten                   "Kirsten <kirsten.fiedler@edri.org>"
alias klas                      "Klas Lindfors <klas@yubico.com>"
alias klaas                     "Klaas Wierenga <klaas.wierenga@geant.org>"
alias klamberg                  mark.klamberg
alias klaus.eduix               klaus.nylamo@eduix.fi
alias klaus.layer               "Klaus Layer <klaus.layer@gmx.de>"
alias kolla			kolla@uninett.no
alias kontoret                  kontoret@sunet.se
alias koppen.jondos             "Georg Koppen <g.koppen@jondos.de>"
alias koppen.foxy               "Georg Koppen <georg@getfoxyproxy.org>"
alias koppen.tor                gk@torproject.org
alias kramse                    "Henrik Lund Kramshøj <hlk@kramse.org>"
alias krantz                    peter.krantz
alias krbdev			krbdev@mit.edu
alias krb-wg			ietf-krb-wg@lists.anl.gov
alias kristine.whisper          zhuliana@inbox.lv
alias kugg                      kugg@fripost.org
alias kugg.google               "Christoffer Jerkeby <kugghjul@gmail.com>"
alias kupo                      kupo@damnfbi.tk
alias kurator.skolan		lisa.engqvist
alias kushal			mail@kushaldas.in
alias kyle                      kyle@tyrfingr.is
alias l1	 		l1@nordu.net
alias lai	 		andreas@romab.com
alias lai.igf                   torsten3001@gmail.com
alias lamb                      "Richard Lamb <richard.lamb@icann.org>"
alias landau                    "Susan Landau <susan.landau@privacyink.org>"
alias lange                     "Lars Lange Bjørn <longbear@nordu.net>"
alias larka.b                   "Bungalou Moustache <samenbungalou@googlemail.com>"
alias larka.gmail               youreonfiremr@gmail.com
alias larka			larka@nordberg.se
alias larry.torkab              larry.koont@torkab.se
alias Lars.Eneslatt             "Lars Eneslätt <eneslatt@kth.se>"
alias lars.eriksson             lars.eriksson@outlook.com
alias lars.gitarr               lars.z
alias lars.ilshammar            "Lars Ilshammar <Lars.Ilshammar@kb.se>"
alias lars.kleberg              "Lars Kleberg <lars.kleberg@sh.se>"
alias lars.lange                lange
alias lars.ndn			lars@nordu.net
alias lars.w			lars.wastfelt@oktavilla.se
alias lars.z                    lars.zettervall@stockholm.se
alias lasse                     "Lasse Øverlier <lasse@overlier.no>"
alias launchpad                 new@bugs.launchpad.net
alias laurent                   laurent.priv
alias laurent.kb                "Laurent Fournier <Laurent.Fournier@kb.se>"
alias laurent.priv              laurent@capas.se
alias lee                       "Lee Azzarello <lee@guardianproject.info>"
alias leif                      leif.sunet
alias leif.ndn			leifj@nordu.net
alias leif.nixon		"Leif Nixon <nixon@nsc.liu.se>"
alias leif.ryge                 "Leif Ryge <leif@synthesize.us>"
alias leif.sunet		"Leif Johansson <leifj@sunet.se>"
alias lena			"Lena Hellström Nordberg <lena@nordberg.se>"
alias lena.magnusson		lena.magnusson@tuben12.se
alias lennart.bonnevier		"Lennart Bonnevier <lennart.bonnevier@iis.se>"
alias leonid                    "Leonid Evdokimov <leon@darkk.net.ru>"
alias lha			love
alias libradsec-bugs            libradsec-bugs@nordu.net
alias licia                     florio@terena.org
alias lillmacho			karin.juliagruppen
alias lillmartin                martinhugojohansson@gmail.com
alias liman			"Lars-Johan Liman <liman@netnod.se>"
alias limpan.scouter		limpan@gvb.nu
alias linda.jonsson		linda.jonsson@esh.se
alias linda.rfhl                "Linda Westergren <linda.westergren@rfhlstockholm.se>"
alias linda.sandberg            "Linda Sandberg <linda@copylinda.se>"
alias linda.sandberg.gmail      "Linda Sandberg <copylinda@gmail.com>"
alias linda.tor                 linda@torproject.org
alias lingmerths                foretag@lingmerths.se
alias linus			linus@nordberg.se
alias linus.larsson             linus@linuslarsson.se
alias linus.ndn			linus@nordu.net
alias linus.staff               linus@staff.sunet.se
alias linus.tor			linus@torproject.org
alias linus.tpo                 linus.tor
alias linus.verk                "Linus Nordberg <linus@verkligendata.se>"
alias lisa.engqvist		"Lisa Engqvist <lisa.engqvist@stockholm.se>"
alias lise              	lise.bergh@nordberg.se
alias liss.arb          	liss.garberg@ki.se
alias liss.glocalnet           	liss.garberg@glocalnet.net
alias liss.gmail                lissgarberg@gmail.com
alias liss                      liss.gmail
alias listan                    listan@lists.dfri.se
alias liva			liv.ungermark@sr.se
alias ljo                       "Leif-Jöran Olsson <ljo@fripost.org>"
alias ljungs                    epost@ljungs.com
alias lo                        "Lo Kauppi <lo@lokauppi.se>"
alias log                       "gertrud o Linus <log@adb-centralen.se>"
alias lobber			lobber@segate.sunet.se
alias lol			lol@nordberg.se
alias lord			sofia.lord.gmail
alias lotta.globala             "Lotta Jankell <lotta.jankell@stockholm.se>"
alias louise			louiselbj@live.dk
alias love			"Love Hornquist Astrand <lha@h5l.org>"
alias lucky                     "Lucky Green <shamrock@cypherpunks.to>"
alias lucy                      lucy.priv
alias lucy.isoc                 "Lucy Lynch <lynch@isoc.org>"
alias lucy.priv                 "Lucy Lynch <llynch@civil-tongue.net>"
alias lukas			lukas.gmail
alias lukas.m2f                 lukas@m2f.nu
alias lukas.gmail		lukas.granlund0416@gmail.com
alias lukas.gmail.old           granluke69@gmail.com
alias luke                      luke.howard
alias luke.howard		"Luke Howard <lukeh@PADL.COM>"
alias luke.howard.me		luke.howard@me.com
alias lukego                    luke@snabb.co
alias lunar                     lunar@torproject.org
alias lundberg	 		lundberg@sunet.se
alias m.tsatsenko               "Mikhail Tsatsenko <m.tsatsenko@gmail.com>"
alias magma			emil@serioustubes.org
alias magma.kth			emilold@kth.se
alias magnus			bergroth@nordu.net
alias magnus.bergman            "Magnus Bergman <mb@citynetwork.se>"
alias magnus.bolero		magnus.dahlberg@bolero.se
alias mahan                     "Mahan <makamavin@yahoo.com>"
alias mail-wg                   mail-wg@dfri.se
alias maja                      "Maja Wolniewicz <mgw@umk.pl>"
alias maker                     michele.orru@ens.fr
alias malin.crona               malin@malincrona.se
alias malin.pettersson          malin.v.pettersson@stockholm.se
alias malj                      malj.cisco
alias malj.grillskolan		"Mattias Ljunggren <grillskolan@yahoo.se>"
alias malj.synapse 		mattias@synap.se
alias malj.cisco                "Matte Ljunggren <mljunggr@cisco.com>"
alias malte			"Malte <malte@wrd.se>"
alias mamma.ka                  kajsa
alias mango.arb         	magnus.sall@mdh.se
alias mango.hem		        magnus.sall@telia.com
alias mango             	mango.hem
alias map                       "Magnus Ahltorp <map@kth.se>"
alias marcin			marcin@dekaminski.se
alias marcin.arb                "Marcin de Kaminski <Marcin.deKaminski@sida.se>"
alias marcos			"Marcos Marado <mindboosternoori@gmail.com>"
alias maria                     maria.hall
alias maria.farrell             mariafarrell@icc-uk.com
alias maria.fryken		maria.westerlund2@pysslingen.se
alias maria.hall                maria.hall@sunet.se
alias maria.j                   "Maria Jansson <Maria.Jansson@statsvet.su.se>"
alias maria.l			"Maria Lindblom <Timglas@post.com>"
alias mariah                    mariah@nordu.net
alias marianne          	marianne@nordberg.se
alias marianne.seb              marianne.lindblad@seb.se
alias marianne.skolan           "Marianne Sthen-Ingler <marianne.sthen-ingler@stockholm.se>"
alias marie                     "Marie Gutbub <marie.gutbub@systemli.org>"
alias marie.crd                 "Marie Månson <Marie.Manson@civilrightsdefenders.org>"
alias marie.tandl               marie.eklund.1@ptj.se
alias marika.bibl               "Marika Alneng <marika.alneng@stockholm.se>"
alias marja             	marja.stobin@comhem.se
alias mark.klamberg.gmail       markklamberg@gmail.com
alias mark.klamberg             "Mark Klamberg <Mark.Klamberg@juridicum.su.se>"
alias mark.levy                 marklevy@post.com
alias mark                      mark.levy
alias markus                    markus@nordu.net
alias markus.n                  "Markus Naarttijärvi <Markus.Naarttijarvi@jus.umu.se>"
alias marten			marten@beatbutchers.se
alias martin.bjorklund		mbj@tail-f.com
alias martin.bylund             "Martin Bylund <martin_bylund@hotmail.com>"
alias martin.fredriksson	tokmartin
alias martin.gcf		"Martin Hallberg <martin.hallberg@globalchildforum.org>"
alias martin.johansson  	martinhugojohansson@gmail.com
alias martin.tailf		martin.bjorklund
alias martin.w                  martin.wastfelt
alias martin.wastfelt           martin@wastfelt.se
alias mashael                   "Mashael AlSabah <mashael@mit.edu>"
alias mathias.tervo             "Mathias Tervo <mathias.tervo@gmail.com>"
alias mats			mats@freeolabini.org
alias mats.westin		cadar
alias matt.blaze                blaze
alias matt.gmail                matthew.a.pagan@gmail.com
alias matthijs.bof              "Matthijs van Bergen <m.vanbergen@ictrecht.nl>"
alias matthijs                  matthijs.bof
alias mattias.axell             "Mattias Axell <mattias@undervaka.se>"
alias mattias.bjarnemalm        mattias.bjarnemalm@europarl.europa.eu
alias mattias.koks		mattiaskoks@gmx.net
alias matt.pagan                matt@pagan.io
alias max.sr                    max.lapitskij@sr.se
alias mc			"Michael Cardell Widerkrantz <mc@hack.org>"
alias mc.arb                    mc@netnod.se
alias medlem                    medlem@lists.dfri.se
alias megan                     "Megan Price <meganp@hrdag.org>"
alias melinda                   melinda.shore
alias melinda.shore             "Melinda Shore <melinda.shore@gmail.com>"
alias melinda.kinnaman          "Melinda Kinnaman <melindakinnaman@gmail.com>"
alias melissa                   "Melissa Gilroy <mg@mgilroycpa.com>"
alias meredith                  "Meredith Whittaker <meredithrachel@google.com>"
alias merlijn                   merlijn@wizzup.org
alias metzger                   "Metzger, Stefan <Stefan.Metzger@lrz.de>"
alias micah                     micah@riseup.net
alias michael.backhuvud         "Michael Backhuvud <michael.backhuvud@kustbandet.com>"
alias michael.kb                michael.backhuvud
alias michael.medow             "Michael Medow <mike@alliedmedia.org>"
alias michanek                  peter.michanek
alias michiel                   "Michiel Muhlenbaumer <michiel.muhlenbaumer@atrato-ip.com>"
alias micke	 		micke@mikadako.com
alias miguel                    "Miguel Alktun <miguel@netnod.se>"
alias mikael.frykholm		"Mikael Frykholm <mikael@frykholm.com>"
alias mikael.wedlin		mwe
alias mikael.tranq		mikael.frykholm
alias mike			mike.perry.tor
alias mike.brennan              M.Brennan@fordfoundation.org
alias mike.hbsd                 mshirk@daemon-security.com
alias mike.perry.fscked		"Mike Perry <mikeperry@fscked.org>"
alias mike.perry.tor            "Mike Perry <mikeperry@torproject.org>"
alias mike.perry.unencrypted    "Mike Perry <mikeperry@unencrypted.info>"
alias mikott                    mikott@nordu.net
alias milica                    "Milica Baic <milica@nordu.net>"
alias millnert			martin@millnert.se
alias miro			miroslav.durdevic@civilrightsdefenders.org
alias mlowdi                    martin@motpoler.se
alias mmn                       mmn@hethane.se
alias mnot                      mnot@mnot.net
alias molgan			molgan@adb-centralen.se
alias mona                      "Mona Strindberg <mona.strindberg@gmail.com>"
alias monika                    monika@ermert.de
alias moomin                    moomin@riseup.net
alias moonshot			moonshot-community@jiscmail.ac.uk
alias moonshot-dev              MOONSHOT-DEV@JISCMAIL.AC.UK
alias mordur			mordur@mordur.is
alias morgan                    morgan.mayhem@riseup.net
alias moritz                    moritz@headstrong.de
alias moritz.torservers		moritz@torservers.net
alias mullet                    "Martin Nilsson <martin@mullet.se>"
alias mwe			mwe@foi.se
alias mwenge			robert@roberthogan.net
alias nadine_maybe              gaibgallery@gmail.com
alias naif                      fabio@pietrosanti.it
alias nadja			"Nadja LG <nadjalg@hotmail.com>"
alias natalie			info@natalieedman.com
alias nate			nathaniel
alias nathan.guardian           Nathan of Guardian <nathan@guardianproject.info>
alias nathaniel			"Nathaniel McCallum <npmccallum@redhat.com>"
alias nathan                    "Nathan Freitas <nathan@freitas.net>"
alias nc-tor			nextcloud-admin@torproject.org
alias nemo                      "Nemo Ekström <nemo@31173.se>"
alias netnod                    netnod-ix@netnod.se
alias neubyi                    neubyi@4711.se
alias nex                       claudio
alias nick			nick.tor
alias nick.calyx                nick@calyx.com
alias nick.mit			nickm@alum.mit.edu
alias nick.tor			"Nick Mathewson <nickm@torproject.org>"
alias nickh                     hopper
alias nico                      nico@cryptonector.com
alias nicolas.gailly            "Nicolas Gailly <nikkolasg@gmail.com>"
alias nicolas.google            "Nicolas Lidzborski <nlidz@google.com>"
alias nicole.vr                 "Nicole Oladuji Korac <Nicole.OladujiKorac@vr.se>"
alias nicoo                     "Nicolas Braud-Santoni <nicolas@braud-santoni.eu>"
alias niels                     "Niels ten Oever <niels@article19.org>"
alias niels.priv                mail@nielstenoever.net
alias nigel.smart		nigel.smart@kuleuven.be
alias niklas                    "Niklas Johansson <raphexion@gmail.com>"
alias nil			ct@duckduckgo.com
alias nils.pp                   "Nils Agnesson <nils.agnesson@piratpartiet.se>"
alias nils.sunet                nils.bystrom@uadm.uu.se
alias nima                      "Nima Fatemi <nima@riseup.net>"
alias nina.macken               nina.solomon@vi-tidningen.se
alias nisse			nils.ostergren@comhem.se
alias nixon                     "Leif Nixon <nixon@nsc.liu.se>"
alias noc.atrato                noc@atrato-ip.com
alias noc.dfri                  noc@dfri.net
alias noc.hibernia              "Hibernia Networks IP NOC <ipnoc@hibernianetworks.com>"
alias noc.tb                    noc@teknikbyran.com
alias noc-d                     noc.dfri
alias nunoc	 		noc@nordu.net
alias npe                       npe@nordu.net
alias oathtk			oath-toolkit-help@nongnu.org
alias obe                       info@obenetwork.com
alias oej                       "Olle E. Johansson <oej@edvina.net>"
alias ola.bini.gmail            "Ola Bini <ola.bini@gmail.com>"
alias ola.bini.riseup           "Ola Bini <ola.bini@riseup.net>"
alias ola.bini.se               "Ola Bini <ola@olabini.se>"
alias ola.bini.thoughtworks     obini@thoughtworks.com
alias olaf.selke                olaf.selke@blutmagie.de
alias ola.kjellsson             "ola kjellsson <olakjellsson@gmail.com>"
alias ola                       ola.bini.se
alias olle.nordberg             "Olle Nordberg <olle@ollenordberg.com>"
alias olle.riksnet		olle.risberg
alias olle.risberg		"Olle Risberg <olle@riksnet.se>"
alias olof.dfri                 olof01@gmail.com
alias olof.hagsand              olof@hagsand.se
alias omni                      omni@hack.org
alias ondrej                    ondrej.mikle
alias ondrej.mikle              "Ondrej Mikle <ondrej.mikle@nic.cz>"
alias ori                       "ori shimony <os7hf@virginia.edu>"
alias orjan                     "Örjan Herres <orjan.herres@stockholm.se>"
alias oscar                     oscar@bahnhof.se
alias osman                     "Osman Kibar <osman.kibar@dn.no>"
alias ot                        "Ot van Daalen <ot@otvandaalen.nl>"
alias ot.projectmoore           "Ot van Daalen <ot.vandaalen@projectmoore.com>"
alias ot.bof                    "Ot van Daalen <ot.vandaalen@bof.nl>"
alias pac                       patrik.carlsson
alias paf			patrik@frobbit.se
alias paivi.hervos              "Päivi <paivi.hervos@telia.com>"
alias paivi.morell              paivi.morell.heinanen@gmail.com
alias palle			palle.torsson@gmail.com
alias panos                    "Panagiotis Papadimitratos <papadim@kth.se>"
alias pappa.la                  lars.kleberg
alias par.blomberg              "Pär Blomberg <percoo@gmail.com>"
alias pastly                    "Matt Traudt <pastly@torproject.org>"
alias patrik.ndn		patrik@nordu.net
alias patrik.carlsson           patrik.carlsson@cert.se
alias paul.selkirk              "Paul Selkirk <paul@psgd.org>"
alias paul.wouters              paul@nohats.ca
alias paul.dekkers              "Paul Dekkers <Paul.Dekkers@surfnet.nl>"
alias paul.syverson		"Paul Syverson <paul.syverson@nrl.navy.mil>"
alias paula			paula.hulten@svt.se
alias paulina                   paulina.itgirllaw
alias paulina.gmail             "Paulina Rehbinder <paulina.rehbinder@gmail.com>"
alias paulina.itgirllaw         "Paulina Rehbinder <itgirllaw@itgirllaw.com>"
alias paulo                     "Paulo Pamplona <paulo@nordu.net>"
alias pavel                     "Pavel Shatov <meisterpaul1@yandex.ru>"
alias pavle			"Pavle Vuletic <pavle.vuletic@rcub.bg.ac.rs>"
alias pawal			"Patrik Wallstrom <pawal@amplitut.de>"
alias pde                       pde@eff.org
alias peers                     noc@sunet.se, noc@nordu.net, noc@riksnet.se, noc@portlane.com
alias peken                     hirselandpeter@hotmail.com
alias pelle                     pelle.sunet
alias pelle.sunet               per@sunet.se
alias pelle.ndn	 		"Per Nihlen <per@nordu.net>"
alias pelle.nordberg            "Pelle Nordberg <pellerecife@uol.com.br>"
alias pelle.priv                per@nihlen.org
alias pepijn                    pepijn@leheux.com
alias perixon			perixon@perixon.nu
alias per.nsc			"Per Lundqvist <perl@nsc.liu.se>"
alias per.trehorning            pt@sjf.se
alias pergoran.uto3             "Per-Göran Backlund <per4you@msn.com>"
alias peter                     peter.oholm.priv
alias peter.gr                  "Peter Haight <gr@giantrabbit.com>"
alias peter.michanek            "Peter Michanek <peter@michanek.se>"
alias peter.norin               peter@xpd.se
alias peter.oholm.arb		Peter.Oholm@civilrightsdefenders.org
alias peter.oholm.priv 		oholmproduktion@gmail.com
alias peter.oholm.riseup	poholm@riseup.net
alias peter.krantz              Peter.Krantz@kb.se
alias peter.skoldberg           "Peter Sköldberg <peter.skoldberg@gmail.com>"
alias peter.stuge               peter@stuge.se
alias peter.xpd                 peter.norin
alias pettai	 		pettai@sunet.se
alias petter.ljunggren		petter@tresta.se
alias petter.salminen           "Petter Salminen <petsal@kth.se>"
alias phil                      "Phil Roberts <phil@robertskeys.net>"
alias philip                    phblick@gmail.com
alias phillipp			philipphaussmann@gmail.com
alias phillipa.gill             "Phillipa Gill <phillipa@cs.stonybrook.edu>"
alias phobos			andrew
alias phoul                     "Colin Childs <colin@torproject.org>"
alias phw                       "Philipp Winter <phw@torproject.org>"
alias phw.kau                   "Philipp Winter <philwint@kau.se>"
alias pierre                    "Pierre Phaneuf <pphaneuf@google.com>"
alias pili			pili@torproject.org
alias pinter                    "Paul Pintér <Paul.Pinter@polisen.se>"
alias pjotr                     peter.michanek
alias pligis			pliiiggis@telia.com
alias poa                       poa@lists.dfri.se
alias portlane			support@portlane.com
alias premortem			post@premortem.se
alias protocols                 protocols@lists.mayfirst.org
alias pulls                     tobias.pulls@kau.se
alias pwouters                  "Paul Wouters <paul@cypherpunks.ca>"
alias qbi                       "Jens Kubieziel <jens@kubieziel.de>"
alias quite                     daniel@lublin.se
alias raaz			"Raazesh Sainudiin <raazesh.sainudiin@math.uu.se>"
alias rachel                    "Rachel Greenstadt <greenstadt@gmail.com>"
alias radext			radext@ietf.org
alias radsecproxy		radsecproxy@lists.nordu.net
alias radsecproxy-bugs          radsecproxy-bugs@nordu.net
alias radsecproxy-pkg           radsecproxy-pkg.debian, radsecproxy-pkg.fbsd, radsecproxy-pkg.nbsd
alias radsecproxy-pkg.debian    faidon
alias radsecproxy-pkg.fbsd      m.tsatsenko
alias radsecproxy-pkg.nbsd      he.netbsd
alias ragge                     "Ragnar Sundblad <ragge@csc.kth.se>
alias ralf                      "Ralf Paffrath <paffrath@dfn.de>"
alias ramy                      ramy.raoof@gmail.com
alias randy			"Randy Bush <randy@psg.com>"
alias rasmus			rasmus.rahm.priv
alias rasmus.dahlberg           "Rasmus Dahlberg <rasmus.gd.dahlberg@gmail.com>"
alias rasmus.rahm.priv		"Rasmus Rahm <rasrahm@gmail.com>"
alias rasmus.rahm.sses		"Rasmus Rahm <rasmus.rahm@sses.se>"
alias rebecca.gomperts          "Rebecca Gomperts <gomperts@womenonwaves.org>"
alias rebecca.ukj               "Rebecca Mueller <rebecca@uppsalakvinnojour.se>"
alias reimer                    "Reimer Karlsen-Masur, DFN-CERT <karlsen-masur@dfn-cert.de>"
alias rejo                      "Rejo Zenger <rejo@zenger.nl>"
alias remco                     "Remco Poortinga - van Wijnen <remco.poortinga@surfnet.nl>"
alias remiss                    remiss-wg@dfri.se
alias rene			"Rene Buch <rene.buch@nordu.net>"
alias rese                      lingmerths
alias revisor                   revisor@dfri.se
alias rhys			"Rhys Smith <smith@cardiff.ac.uk>"
alias ricardo                   "Ricardo Noronha <ricardo.noronha@gmail.com>"
alias richard.barnes            "Richard Barnes <rlb@ipv.sx>"
alias richard.binning           "Richard Binning <anok4u2b4u@gmail.com>"
alias richard.mullvad           "Richard <richard@mullvad.net>"
alias richard.tor		richard@torproject.org
alias rickard.ostman		"Rickard Östman <rickard.ostman@bahnhof.net>"
alias rikard.linde              "Rikard Linde <rikard.linde@fores.se>"
alias ripe			auto-dbm
alias rk-sdf.rekryterare	"Mojibe Lundberg <mojibe.lundberg@stockholm.se>"
alias robert                    rszuman@man.poznan.pl
alias robin                     "Robin Fomin <robin.fomin@stockholm.se>"
alias rob.austein               "Rob Austein <sra@hactrn.net>"
alias rob.jansen                 rob.jansen.edu
alias rob.jansen.edu            "Rob Jansen <jansen@cs.umn.edu>"
alias rob.jansen.mil            "Rob Jansen <rob.g.jansen@nrl.navy.mil>"
alias rodrigo           	rodrigo@hidalgo.se
alias roger.dingledine.mit	"Roger Dingledine <arma@mit.edu>"
alias roger.dingledine.tpo	"Roger Dingledine <arma@torproject.org>"
alias roger			roger.dingledine.tpo
alias roland                    roland.hedberg
alias roland.hedberg		"Roland Hedberg <roland@catalogix.se>"
alias roland.surfnet            roland.vanrijswijk@surfnet.nl
alias roll			"Peter Lothberg <roll@stupi.com>"
alias rom	 		rom@romab.com
alias rop			"Rop Gongrrijp <rop@xs4all.nl>"
alias rpitor                    rpitor-wg@lists.dfri.se
alias rransom			"Robert Ransom <rransom.8774@gmail.com>"
alias rsp			radsecproxy
alias runa                      runa.gmail
alias runa.cdt                  "Runa Sandvik <runa@cdt.org>"
alias runa.gmail		"Runa Sandvik <runa.sandvik@gmail.com>"
alias runa.tor                  "Runa Sandvik <runa@torproject.org>"
alias ryde                      rydekull
alias rydekull                  "Alexander Rydekull <rydekull@gmail.com>"
alias ryge                      leif.ryge
alias rysiek                    rysiek.hackerspace
alias rysiek.fwioo              "Michał 'rysiek' Woźniak <rysiek@fwioo.pl>"
alias rysiek.hackerspace        "Michał 'rysiek' Woźniak <rysiek@hackerspace.pl>"
alias sacha                     "Sacha van Geffen <sacha@greenhost.nl>"
alias sakjur.gmail              "Emil Tullstedt <sakjur@gmail.com>"
alias sakjur.kth                "Emil Tullstedt <emiltu@kth.se>"
alias sakjur                    sakjur.kth
alias salu			salu@nordu.net
alias sam			"Sam Hartman <hartmans@painless-security.com>"
alias samuel                    "Samuel Härgestam <samuel.hargestam@gmail.com>"
alias sandra			"Sandra Mamitzsch <sandra@mamitzsch.eu>"
alias sanne			sanne.stroeh@gmail.com
alias sarah.b                   sarahbennettsmail@yahoo.se
alias sarah.cortes.edu          "SARAH CORTES <sarah_cortes@post.harvard.edu>"
alias sarah.cortes.gmail        "Sarah Cortes <sarah.cortes@gmail.com>"
alias sarah.cortes.lewis        "Sarah Cortes <sarah@lewis.is>"
alias sarah.c                   sarah.cortes
alias sarah.cortes              sarah.cortes.lewis
alias sara.ndn			"Sara Naldal <sara@nordu.net>"
alias sarah.stevenson		sarah.e.stevenson@gmail.com
alias sarah.tor                 sstevenson
alias saya                      "Saya Amin <saya.amin@stockholm.se>"
alias schneier                  "Bruce Schneier <schneier@schneier.com>"
alias sean                      "Sean Turner <turners@ieca.com>"
alias sebastian.hahn		mail@sebastianhahn.net
alias sebastian.h		sebastian.hahn
alias sebastian.radlund		sebastian.radlund@comhem.se
alias sebastian.r		sebastian.radlund
alias sebastian                 sebastian.hahn
alias seb			seb@tail-f.com
alias sec-heads			sec-heads@romab.com
alias selea			"Jonathan Sélea <jonathan@selea.se>"
alias selena                    "Selena Deckelmann <selena@mozilla.com>"
alias serene                    "Serene <keroserene@riseup.net>"
alias sergi			sergi.figuerola@i2cat.net
alias shadow			shadow-support@cs.umn.edu
alias shahn			sebastian.hahn
alias shari                     "Shari Steele <ssteele@torproject.org>"
alias sharon                    sharon.goldbe@gmail.com
alias sharon.bu                 "Sharon Goldberg <goldbe@cs.bu.edu>"
alias shawn                     "Shawn Webb <shawn.webb@hardenedbsd.org>"
alias shrek                     "Thomas Schreck <shrek@axolotlfarm.org>"
alias sicko                     sicko@nordu.net
alias simon.scouterna           simon.strom
alias simon			simon@nordberg.se
alias simon.gmail               simstimnordberg@gmail.com
alias simon.strom               "Simon Ström <simon@gvb.nu>"
alias simone                    simone.fischer-huebner@kau.se
alias simo			"Simo Sorce <ssorce@redhat.com>"
alias sina                      "Sina Rabbani <sina@redteam.net>"
alias sina.cymry                "Sina Rabbani <srabbani@cymru.com>"
alias sjf-tor                   sjf-tor@lists.dfri.se
alias sjm                       Steven.Murdoch@cl.cam.ac.uk
alias smari                     "Smári McCarthy <smari@immi.is>"
alias smi			"Susanne Michelsen <susanne.michelsen@nordu.net>"
alias smirre                    andreas_smirnakos@hotmail.com
alias snopyta			support@snopyta.org
alias snusmumriken              markus.lindholm@gmail.com
alias sofia.celi		cherenkov@riseup.net
alias sofia.lord.gmail          lord.sofia@gmail.com
alias sofia.lord.yahoo		sofialord@yahoo.se
alias sofia             	sofia@nordberg.se
alias solix                     sol-ix@lidendata.com
alias solix.kontakt             kontakt@sol-ix.net
alias spacedump			anders.olausson
alias sparvnastet               sparvnastet@lists.riseup.net
alias sparvnastet.kassor        mathias.tervo
alias spe                       stefan.petersen
alias sra                       rob.austein
alias sstevenson                sstevenson@torproject.org
alias staffan.jonson            "Staffan Jonson <staffan.jonson@iis.se>"
alias staffan.nordberg          "Staffan Lundin" <staffan.lundin@gmail.com>"
alias staffan.ulfberg          	staffan@ulfberg.se
alias stefan.helm		stefan.helm@gmail.com
alias stefan.lidero             stefan.backstrom@lidero.net
alias stefan.listrom 		"Stefan Listrom <steli@sunet.se>"
alias stefan.petersen           "Stefan Petersen <spe@ciellt.se>"
alias stefan.santesson		stefan@aaa-sec.com
alias stefan.solpanel           stefan@kruse.nu
alias stefan.winter		stefan.winter@restena.lu
alias stefan.wold               ratler@stderr.eu
alias stefani                   "Stefani Banerian <stefani@banerian.org>"
alias steffen                   "Steffen Birkeland <steffenf.birkeland@gmail.com>"
alias steli                     "Stefan Liström <steli@sunet.se>"
alias sten.neti                 sten.bjornebro@netinsight.net
alias steph                     steph@torproject.org
alias stephen.borrill		"Stephen Borrill <sborrill@precedence.co.uk>"
alias stephen.farrell           stephen.farrell@cs.tcd.ie
alias stephen.roettger          "Stephen Röttger <sroettger@google.com>"
alias stephen                   stephen.farrell
alias stephen.kent              "Stephen Kent <kent@bbn.com>"
alias sthix                     sthix.tech
alias sthix.tech                tech-l@sthix.net
alias stig			stig@venaas.com
alias stina                     stina@yubico.com
alias strint                    strint-attendees@lists.i1b.org
alias stromberg                 fredrik.stromberg
alias stuart                    stuart.dks
alias stuart.apple              cheshire@apple.com
alias stuart.dks                "W. Stuart Jones <stuart.jones@dkey.org>"
alias stuge                     "Peter Stuge <peter@stuge.se>"
alias styrelse                  styrelse@dfri.se
alias sue			sue.abt
alias sue.abt                   sue@torproject.org
alias sue.gardner               "Sue Gardner <susanpgardner@gmail.com>"
alias sukhe                     "Sukhbir Singh <azadi@riseup.net>"
alias sula                      susanne.lager
alias sumit			"Sumit Bose <sbose@redhat.com>"
alias sunet.kontoret            kontoret@sunet.se
alias susan                     susan.gmail
alias susan.edu                 "Susan E. McGregor <sem2196@columbia.edu>"
alias susan.gmail               "Susan McGregor <susan.e.mcgregor@gmail.com>"
alias susanne.drakborg		"Susanne Drakborg <susanne.drakborg@childhood.org>"
alias susanne.lager		lagersusanne@yahoo.com
alias susanne.soderman		susanne.soderman@kinnarps.se
alias susanne.soderman.spray    susanne.soderman@spray.se
alias susanne			susanne.lager
alias sus                       "Sus Andersson <sus.andersson@farad.se>"
alias suzie			"Suzie Gilbert <suziemgilbert@gmail.com>"
alias sven.anderson              sven@anderson.de
alias sven.loligo		"Sven Hedin <ghlargh@gmail.com>"
alias sven.sr 			"Sven Carlsson <sven.carlsson@sr.se>"
alias swold                     stefan.wold
alias sylvia                    sylviavill@hotmail.com
alias tails                     tails@boum.org
alias tandl                     gotgatan21@ptj.se
alias tangui                    "Tangui Coulouarn <tangui.coulouarn@deic.dk>"
alias tbb-dev                   tbb-dev@lists.torproject.org
alias tech                      tech@cryptech.is
alias ted.lemon                 "Ted Lemon <Ted.Lemon@nominum.com>"
alias ted.hardie                ted.ietf@gmail.com
alias tege			tg@gmplib.org
alias teor                      teor2345@gmail.com
alias terese                    t.niklasson@m2f.nu
alias tg                        "Torbjörn Gräslund <torbjorn@kth.se>"
alias tg.biotech		"Torbjörn Gräslund <torbjorn@biotech.kth.se>"
alias tharre                    "Thomas Gschwantner <tharre3@gmail.com>"
alias theresa.enghardt          "Theresa Enghardt <theresa@inet.tu-berlin.de>"
alias thijs                     "Thijs Kinkhorst <thijs@uvt.nl>"
alias thomas.hyllested		"Thomas Hyllested <hyllested@nordu.net>"
alias thomas.white              "Thomas White <thomaswhite@riseup.net>"
#alias thomas.winkler		"Thomas Winkler <thomas.winkler@rkp.police.se>"
alias thomas.winkler		itbrott@gmail.com
alias tiago			tiago@gnu.org
alias ties                      "Ties Stuij <ties@stuij.se>"
alias tim			"Timothy Maxwell <tim@greenmountainminerals.com>"
alias tjr                       "Tom Ritter <tom@ritter.vg>"
alias tlund                     tlund@nxs.se
alias tobbe	 		tobbe@romab.com
alias tobias			tobias@obenetwork.com
alias tokmartin			m@msp.se
alias tom                       tom.andersson
alias tom.andersson             "Tom Andersson <tom.andersson@aevidentia.se>"
alias tom.ndn                   tom@nordu.net
alias tomb			"Thomas S. Benjamin <tomb@acm.org>"
alias toml                      tom.leckrone
alias tommy                     "Tommy Collison <tommyc@torproject.org>"
alias tom.langborn		"Tom Langborg <tom@nsc.liu.se>"
alias tom.leckrone              "Tom Leckrone <semprephi@gmail.com>"
alias tom.lowenthal             "Tom Lowenthal <tom@torproject.org>"
alias tom.tor                   tom.leckrone
alias tor-accounting            accounting@torproject.org
alias tor-adm			torproject-admin@torproject.org
alias tor-ass			tor-assistants@lists.torproject.org
alias tor-board                 tor-board@lists.torproject.org
alias tor-board-only            tor-boardmembers-only@lists.torproject.org
alias tor-bof                   bof@lists.torproject.org
alias tor-dev			tor-dev@lists.torproject.org
alias tor-dirauth               dir-auth@lists.torproject.org
alias tor-metrics               metrics-team@lists.torproject.org
alias tor-helpdesk              help@rt.torproject.org
alias tor-int			tor-internal@lists.torproject.org
alias tor-ops			tor-ops@lists.torproject.org
alias tor-project               tor-project@lists.torproject.org
alias tor-relays                tor-relays@lists.torproject.org
alias tor-rep                   tor-reports
alias tor-reports               tor-reports@lists.torproject.org
alias tor-rt                    help@rt.torproject.org
alias tor-se			tor-se@blipp.com
alias tor-sup                   support-team-private@lists.torproject.org
alias tor-team                  tor-team@lists.torproject.org
alias torservers-discuss        partners-discuss@lists.torservers.net
alias tord                      tord.lundstrom@virtualroad.org
alias tord.gmail                "Tord Lundström <tord.lundstrom@gmail.com>"
alias tord.short                t@virtualroad.org
alias toste			toste.junestrand@albatross.com
alias tourn			anartiste1984@riseup.net
alias tove			tove_bylund@hotmail.com
alias tove.sjf                  tove.carlen@sjf.se
alias tpa                 	tor-adm
alias trampoolin                info@trampoolin.com
alias tranq			mikael.frykholm
alias trans                     trans@ietf.org
alias travel                    travel@torproject.org
alias tripit			plans@tripit.com
alias tug			tug@nordu.net
alias tumblr.stuff		4e87vx64@tumblr.com
alias tumblr			tumblr.stuff
alias twilde			"Tim Wilde <twilde@cymru.com>"
alias twitpic.ln		linusnordberg.6948@twitpic.com
alias twitpic			twitpic.ln
alias ulf                       ulf.tonelid@nordu.net
alias ulf.eklof                 u.eklof@bredband.net
alias ulku                      devrimulku@gmail.com
alias ulku.sr                   ulku.holago@sr.se
alias ulrich                    "Ulrich Wisser <ulrich.wisser@iis.se>"
alias ulrikah			ulrikah.reihs@childhood.org
alias ulug-kontakt		su04@gmx.com
alias uto3                      styrelsen@uto3.se
alias valter                    valter@sunet.se
alias vegas-leads               vegas-leads@lists.torproject.org
alias verkligen                 info@verkligendata.se
alias veronica                  "Veronica C. Estrada Galiñanes <veronica.estrada@unine.ch>"
alias vesna			"Vesna Manojlovic <becha@ripe.net>"
alias victor			"Victor Reijs <victor.reijs@heanet.ie>"
alias victoria                  "Victoria Bull <victoria@digidemlab.org>"
alias vidar                     "Vidar Bergan <vidar@stomneverkstader.se>"
alias vitabussen                vitabussen@lists.adb-centralen.se
alias vmon                      vmon@riseup.net
alias wallberg			"Hans Wallberg <hans.wallberg@umdac.umu.se>"
alias walter                    FIXME
alias weasel                    "Peter Palfrader <peter@palfrader.org>"
alias wendy			"Wendy Seltzer <wendy@seltzer.org>"
alias wictorin                  wictorin.its
alias wictorin.its              Torbjorn.Wictorin@its.uu.se
alias wictorin.cert             Torbjorn.Wictorin@cert.sunet.se
alias willem                    willem@nlnetlabs.nl
alias wingel            	"Christer Weinigel <christer@weinigel.se>"
alias winter                    stefan.winter
alias wolf                      wolf@nordu.net
alias woll                      alexander.woll
alias wp-web                    wp-web@dfri.se
alias xenia                     xenia@freitagsrunde.org
alias ximin                     "Ximin Luo <infinity0@torproject.org>"
alias yair			"Yair Yarom <irush@cs.huji.ac.il>"
alias yan                       "Yan Zhu <yan@brave.com>"
alias yawning                   "Yawning Angel <yawning@schwanenlied.me>"
alias ylan			ylan@ylan.nu
alias yosh			"Johan Marklund <yosh@yosh.se>"
alias ze                        zeh@lavabit.com
alias zorz                      zorz@isoc.org
